0.0,0.0
3.1283289172836266,-0.1857342503046766
6.23588615074064,-0.3651561065564124
9.322721034512869,-0.538286932230676
12.38888290020412,-0.7051480939668409
15.434421078149182,-0.8657609568223279
18.459384899951857,-1.0201468866455343
21.46382369848497,-1.1683272484938811
24.44778680662133,-1.3103234074247894
27.41132355342672,-1.4461567292866562
30.354483271773955,-1.5758485799278787
33.27731529326684,-1.699420324405878
36.179868950778186,-1.8168933285690514
39.0621935746428,-1.9282889566838435
41.92433849773348,-2.0336285753896277
44.766353051654036,-2.132933548952849
47.58828656673927,-2.2262252440128805
50.39018837586199,-2.3135250256271433
53.17210781189501,-2.3948542596440348
55.93409420390412,-2.4702343103299995
58.676196886031136,-2.539686543533435
61.39846518987987,-2.603232325102738
64.1009484445161,-2.6608930200953296
66.78369598535068,-2.7126899943596072
69.44675714144935,-2.758644613743968
72.09018124695399,-2.7987782425148566
74.71401763093034,-2.8331122465206704
77.31831562625123,-2.8616679908188303
79.9031245657895,-2.8844668420487096
82.46849377987989,-2.9015301644767533
85.01447260012625,-2.9128793247423346
87.5411103606704,-2.9185356871118984
90.0484563905781,-2.918520617433842
92.53656002145317,-2.912855480765586
95.00547058743744,-2.901561643746504
97.45523741886569,-2.884660469852065
99.88590984734174,-2.862173326512618
102.2975372057384,-2.8341215779946083
104.69016882439045,-2.8005265901464327
107.06385403490171,-2.7614097288164885
109.418642171414,-2.7167923582712206
111.75458256299311,-2.6666958451500022
114.07172454251184,-2.6111415537192784
116.37011744157401,-2.550150849827446
118.64981059178342,-2.483745100113879
120.91085332601288,-2.411945668054045
123.15329497459719,-2.3347739202873186
125.37718487040915,-2.252251222662096
127.58257234378358,-2.1643989394448226
129.76950672759327,-2.0712384364838954
131.93803735344204,-1.9727910796277115
134.0882135529337,-1.8690782331427158
136.22008465894103,-1.7601212644592579
138.33370000052986,-1.6459415370528063
140.42910891184198,-1.5265604175627345
142.50636072321223,-1.4019992710464635
144.56550476751335,-1.2722794625614142
146.6065903763492,-1.137422357955984
148.62966688132357,-0.9974493230785697
150.6347836140403,-0.8523817221956165
152.6219899048341,-0.7022409219464976
154.59133508784686,-0.547048287388634
156.54286849468238,-0.38682518357944673
158.4766394556754,-0.221592976367333
160.39269730242984,-0.05137303080971378
162.29109136781838,0.12381328724501373
164.17187098344493,0.3039446127394285
166.03508548091324,0.4889995798251334
167.8807841918271,0.6789568234447074
169.7090164490594,0.8737949777497533
171.51983158167582,1.0734926776828502
173.31327892381827,1.278028558186577
175.0894078070905,1.4873812526215602
176.84826756182736,1.7015293967213552
178.58990752090162,1.9204516246375647
180.3143770159171,2.1441265713127677
182.0217253784776,2.372532870107591
183.71200194145595,2.6056491567555895
185.3852560339179,2.843454065408366
187.0415369900053,3.085926230217524
188.68089414005294,3.3330442869166177
190.30337681693365,3.5847868688662743
191.90903435225118,3.8411326110090727
193.4979160776094,4.102060148287592
195.0700713246121,4.367548115644411
196.62554942486307,4.63757514564918
198.1643997099661,4.912119875617407
199.686671511525,5.191160937327766
201.1924141624126,5.474676968095764
202.68167699423273,5.762646600491053
204.15450933732012,6.05504846945621
205.61096052454764,6.351861209933816
207.05107988751908,6.653063456075472
208.47491675783823,6.958633843614734
209.88252046837792,7.268551005912229
211.2739403482039,7.58279357711956
212.64922573145805,7.901340193761257
214.00842594974412,8.224169488406972
215.35159033466596,8.551260095999282
216.67876821655832,8.882590652271745
217.9900089282941,9.218139790584985
219.28536180147697,9.557886146672558
220.56487616771085,9.901808353895092
221.82860135986851,10.249885047195164
223.07658670828474,10.602094861515354
224.30888154583235,10.958416430216289
225.52553520284619,11.3188283898225
226.726597012199,11.683309373694613
227.9121163054946,12.05183801598423
229.08214241433683,12.42439295242491
230.23672467032947,12.800952817168252
231.37591240507632,13.18149624436586
232.49975495145023,13.566001868169337
233.60830163978594,13.954448324312239
234.7016018029563,14.346814246946167
235.7797047712961,14.743078271013701
236.84265987894716,15.143219029875468
237.89051645497528,15.547215159265022
238.92332383225323,15.95504529254299
239.9411313436539,16.36668806544293
240.943988319512,16.78212211211644
241.9319440927004,17.201326067506102
242.90504799355386,17.624278565763518
243.86334935367623,18.05095824104029
244.8068975072093,18.481343729069977
245.73574178321886,18.9154136632132
246.6499315158467,19.353146678412543
247.5495160341587,19.79452140961058
248.4345446722966,20.23951649095892
249.30506676186423,20.688110557400137
250.16113163319636,21.140282243085835
251.00278861789684,21.596010182958594
251.83008705010747,22.055273011170016
252.64307625889404,22.51804936266268
253.44180557712937,22.98431787158819
254.22632433768626,23.454057172889122
254.9966818696305,23.927245900717082
255.75292750710392,24.403862690805624
256.4951105817103,24.883886176515375
257.2232804237845,25.367294991997937
257.93748636619927,25.854067773777842
258.6377777405584,26.34418315442474
259.32420387846577,26.837619769672187
259.9968141102561,27.33435625288081
260.65565777134026,27.834371240575138
261.300784189515,28.337643365324823
261.9322426989222,28.84415126286342
262.5500826298966,29.35387356813351
263.1543533153111,29.866788913704738
263.7451040867694,30.38287593610164
264.3223842758753,30.90211326947582
264.8862432142327,31.424479547978876
265.43673023344536,31.94995340655339
265.97389466638606,32.478513479350966
266.49778584338964,33.0101384005232
267.00845309605984,33.544806806594636
267.50594575726956,34.08249732934394
267.99031315862254,34.623188606086615
268.46160463172265,35.16685926939232
268.91986950817363,35.713487954994605
269.3651571195793,36.2630532962541
269.7975167975435,36.81553392890436
270.216997874939,37.37090848709698
270.6236496821006,37.92915560498358
271.01752155190115,38.4902539182977
271.39866281467545,39.05418206039997
271.7671228032962,39.62091866623297
272.12295085063636,40.19044237073928
272.46619628576167,40.76273180727952
272.7969084428139,41.337765612378234
273.1151366521279,41.915522418605065
273.42093024530743,42.495980862484544
273.71433855522537,43.07911957658632
273.9954109134855,43.664917196643955
274.2641966516916,44.25335235760002
274.52074510017843,44.84440369281515
274.76510559308787,45.43804983802289
274.9973274607547,46.034269426583876
275.2174600347828,46.63304109423166
275.42555264804486,47.23434347432686
275.62165463087575,47.83815520260305
275.8058153148792,48.444454913211814
275.9780840341972,49.05322124109574
276.1385101191643,49.664432819615456
276.2871429001155,50.27806828450451
276.4240317111926,50.89410626912354
276.54922588273024,51.51252540999707
276.6627747463324,52.133304339694746
276.7647276348718,52.75642169395013
276.85513387868326,53.381856106914825
276.93404281190857,54.009586213531406
277.0015037636136,54.6395906471605
277.0575660666711,55.271848044326646
277.1022790526849,55.90633703839046
277.1356920532587,56.54303626350355
277.1578544012655,57.181924355399474
277.16881542704,57.82297994743885
277.168624463455,58.466181675355244
277.1573308421143,59.111508172509275
277.1349838933527,59.7589380746345
277.10163295131207,60.408450015091546
277.0573273450581,61.06002262961397
277.0021164087328,61.71363455235337
276.93604947267073,62.36926441825233
276.85917586847586,63.02689086067147
276.77154492902093,63.686492515344355
276.6732059859098,64.3480480156316
276.56420836947717,65.01153599805775
276.444601412596,65.67693509519245
276.31443444813897,66.34422394276925
276.1737568051719,67.01338117493975
276.02261781783665,67.68438542585557
275.86106681646794,68.35721533125025
275.6891531339387,69.03184952448441
275.50692610058366,69.70826664129163
275.3144350505446,70.38644531503252
275.11172931288735,71.06636418064966
274.8988582204848,71.74800187308563
274.6758711049406,72.431337027283
274.44281729785865,73.11634827660242
274.1997461321118,73.80301425598645
273.9467069380347,74.49131360116866
273.6837490485003,75.18122494471868
273.4109217938434,75.87272692316105
273.1282745082057,76.56579816985641
272.8358565206531,77.26041731974732
272.5337171653274,77.95656300698539
272.22190577129436,78.6542138665132
271.9004716726958,79.35334853327333
271.56946420113553,80.05394564141739
271.22893268567935,80.75598382509696
270.8789264617381,81.45944172004562
270.51949485964656,82.16429795962398
270.1506872097395,82.87053117877463
269.7725528448898,83.57812001244014
269.38514109797023,84.28704309477212
268.98850129931554,84.99727905992216
268.58268278052964,85.70880654362384
268.1677348744853,86.42160418002874
267.7437069115172,87.13565060249749
267.3106482244984,87.85092444755463
266.8686081463015,88.56740434856079
266.41763600599234,89.28506893966755
265.95778113644377,90.00389685660849
265.4890928692596,90.7238667335352
265.0116205373126,91.44495720459929
264.5254134722066,92.16714690553431
264.0305210030073,92.89041446890991
263.5269924651257,93.61473853125062
263.0148771888965,94.34009772591708
262.4942245046545,95.06647068785185
261.96508374654155,95.79383605120654
261.4275042436234,96.52217245171471
260.88153533131083,97.25145852273698
260.32722633740076,97.98167289921594
259.7646265960349,98.71279421609415
259.1937854388171,99.44480110752323
258.61475219735115,100.17767220844576
258.02757620197184,100.91138615301332
257.432306786821,101.64592157537754
256.82899328223345,102.38125711127196
256.21768501981296,103.11737139405722
255.59843133116334,103.85424305946685
254.97128154915742,104.59185074165248
254.336285005399,105.3301730747657
253.69349103022284,106.06918869374908
253.04294895777082,106.80887623275424
252.38470811710872,107.54921432672376
251.71881784110928,108.29018160980922
251.04532746264542,109.0317567177442
250.36428631205186,109.77391828309834
249.67574372220142,110.51664494239617
248.97974902342892,111.2599153297893
248.27635154860718,112.00370807863834
247.56560062934,112.74800182467686
246.84754559723115,113.49277520205646
246.12223578388446,114.23800684492875
245.38972052090375,114.98367538902727
244.6500491398928,115.72975946850363
243.90327097372443,116.47623771671846
243.14943535273343,117.22308876940531
242.38859161106166,117.97029126150676
241.62078907777484,118.71782382638344
240.84607708447683,119.46566509897792
240.06450496530945,120.21379371423279
239.27612205187646,120.96218830709063
238.4809776732437,121.71082751091205
237.67912116355296,122.45968996143063
236.87060185313902,123.20875429279795
236.05546907487474,123.95799913916562
235.2337721603639,124.70740313468525
234.4055604412103,125.45694491588137
233.57088324901778,126.20660311532362
232.72978991539009,126.95635636874556
231.88232977193104,127.7061833102988
231.02855215024448,128.45606257413493
230.1685063832032,129.20597279519654
229.302241802411,129.9558926084262
228.42980773820267,130.70580064797554
227.55125352472007,131.4556755487871
226.66662849102892,132.2054959450125
225.7759819700021,132.95524047080335
224.8793632945124,133.7048877618932
223.9768217948946,134.45441645243363
223.0684068027525,135.2038051757853
222.15416765095893,135.95303256847274
221.2341536711177,136.70207726306558
220.3084141935636,137.45091789608836
219.37699855243847,138.1995331009017
218.43995607680804,138.9479015124482
217.4973361008142,139.69600176487944
216.5491879547917,140.443812493138
215.5955609703444,141.1913123313755
214.63650448034502,141.93847991453453
213.67206781639746,142.68529387755763
212.70230030883644,143.43173285459642
211.72725129180387,144.17777548059348
210.74697009436542,144.92340038890944
209.761506049394,145.66858621527786
208.7709084897624,146.41331159385032
207.7752267458054,147.15755515956943
206.77451015039583,147.9012955457958
205.76880803386845,148.64451138905395
204.75816972909612,149.38718132270452
203.74264456768262,150.12928398089912
202.72228188123177,150.87079799858031
201.69713100134734,151.61170201148167
200.6672412596332,152.35197465217283
199.63266198896207,153.09159455717833
198.59344251966883,153.8305403590678
197.54963218462626,154.56879069436582
196.50128031416915,155.30632419643297
195.4484362411703,156.04311950021184
194.39114929723357,156.77915523985405
193.3294688139627,157.51441005030216
192.26344412423055,158.24886256570778
191.1931245583719,158.98249142180447
190.11855944799055,159.71527525195285
189.03979812469032,160.4471926910955
187.956889922613,161.178222374175
186.8698841708244,161.90834293455197
185.77883020219735,162.63753300875095
184.6837773483356,163.3657712293416
183.58477494084303,164.09303623205744
182.4818723125924,164.8193066510501
181.37511879391852,165.54456112126218
180.2645637164252,166.26877827684524
179.15025641298521,166.99193675274188
178.03224621520243,167.7140151831037
176.91058245468062,168.43499220287327
175.78531446175455,169.1548464462022
174.65649157056612,169.8735565480331
173.52416311145006,170.59110114251752
172.3883784172792,171.30745886538904
171.24918681711935,172.0226083492173
170.1066376463813,172.73652823052686
168.96078023413088,173.44919714267832
167.81166391324086,174.16059371982328
166.6593380153151,174.8706965984863
165.50385187195735,175.579484411237
164.34525481477144,176.28693579380894
163.18359617663018,176.99302938035373
162.01892528786834,177.69774380581396
160.8512914813588,178.40105770355024
159.6807440874363,179.10294970929613
158.50733243897366,179.8033984579942
157.3311058675747,180.5023825830051
156.1521137048432,181.1998807192714
154.970405282383,181.89587150173566
153.78602993179788,182.5903335645495
152.59903698596068,183.2832455426555
151.40947577647518,183.97458607020525
150.21739563367618,184.66433378214134
149.02284589043649,185.35246731340635
147.82587587709088,186.0389652973609
146.62653492778125,186.72380636973855
145.42487237284232,187.40696916389993
144.22093754387794,188.0884323155786
143.01477977249186,188.76817445892613
141.80644839155698,189.44617422809415
140.59599273140802,190.12241025881622
139.38346212618683,190.79686118366197
138.1689059049592,191.46950563915595
136.95237340059793,192.14032225944976
135.73391394470684,192.80928967790402
134.51357686888974,193.47638653025228
133.29141150601941,194.14159145064616
132.0674671864307,194.80488307402823
130.84179324172737,195.46624003455008
129.61443900605124,196.1256409671543
128.38545380846813,196.7830645059925
127.15488698185082,197.43848928600727
125.92278785780313,198.09189394135018
124.68920576792887,198.74325710617285
123.45419004510086,199.39255741620883
122.21779001965386,200.03977350560973
120.98005502319171,200.68488400931813
119.74103438858721,201.32786756069464
118.50077744744418,201.96870279468186
117.2593335313664,202.60736834701333
116.01675197195767,203.2438428510497
114.77308210082184,203.87810494094253
113.52837324956266,204.5101332532164
112.28267474978398,205.13990642044092
111.03603593435858,205.76740307834967
109.78850613489028,206.39260186109425
108.54013468171388,207.01548140361723
107.29097090770217,207.63602033927924
106.041064145728,208.25419730460482
104.79046372485713,208.8699909321636
103.53921897796238,209.48337985768916
102.28737923791657,210.09434271612406
101.0349938363235,210.70285814082894
99.78211210224893,211.30890476674637
98.52878337110374,211.91246122881893
97.27505697195369,212.5135061619892
96.02098223894062,213.1120181996178
94.76660850113028,213.70797597664733
93.51198509139552,214.30135812881133
92.25716134260914,214.89214328947043
91.00218658510592,215.48031009277622
89.7471101517587,216.06583717446227
88.49198137417129,216.64870316868019
87.23684958267845,217.22888671037254
85.98176411015302,217.80636643369093
84.7267742881988,218.38112097278696
83.47192944841959,218.95312896260322
82.2172789236882,219.5223690372913
80.96287204433943,220.08881983258476
79.7087581419771,220.6524599826352
78.454986549474,221.21326812080326
77.20160659843395,221.77122288282249
75.94866761919174,222.32630290363545
74.6962189458892,222.8784868166028
73.44430990759209,223.42775325666707
72.19298983844226,223.9740808587709
70.94230806877451,224.5174482578568
69.69231393146163,225.05783408728547
68.44305675683843,225.59521698199944
67.19458587777771,226.12957557773228
65.9469506258833,226.66088850705364
64.70020033275898,227.18913440648805
63.45438432873956,227.71429190939614
62.20955194796685,228.23633965072048
60.965752522044674,228.75525626461268
59.7230353800388,229.27102038601532
58.48144985609106,229.78361064987098
57.241045281805256,230.29300569033126
56.00187098878519,230.79918414233873
54.76397630736567,231.30212463925403
53.5274105716885,231.8018058168107
52.292223112088486,232.29820630995135
51.05846326016943,232.7913047512456
49.82618034753514,233.28107977800897
48.59542370705843,233.76751002202013
47.36624266907409,234.25057411980362
46.138686566454936,234.73025070551103
44.91280473207379,235.20651841329396
43.68864649499642,235.679355878095
42.46626118809566,236.14874173406577
41.24569814297529,236.6146546161488
40.02700669250816,237.07707315849575
38.81023616702903,237.53597599604916
37.59543589941073,237.99134176296064
36.38265521998805,238.44314909496376
35.17194346290283,238.89137662541913
33.963349957220835,239.33600298847836
32.75692403581488,239.77700682066597
31.552715031557796,240.21436675455163
30.35077227478436,240.6480614258689
29.15114509709839,241.07806946876934
27.953882831372688,241.5043695174046
26.759034807942058,241.9269402075082
25.56665035967931,242.3457601724408
24.376778819457265,242.76080804714496
23.189469516341696,243.17206246656326
22.004771783205424,243.57950206563828
20.822734952921266,243.98310547773065
19.64340835582401,244.38285133778294
18.466841323517468,244.77871828073773
17.293083188874448,245.17068494074664
16.12218328349876,245.55872995275223
14.954190938994206,245.9428319509061
13.789155486964589,246.32296957094184
12.627126259013714,246.69912144542906
11.468152586745386,247.0712662108923
10.312283801763408,247.4393825006922
9.1595692369406,247.80344894977134
8.010058223880762,248.1634441922813
6.863800092918686,248.51934686316469
5.720844176927192,248.87113559736406
4.581239807510081,249.21878902903103
3.4450363162711586,249.56228579310817
2.3122830348142287,249.90160452295612
1.1830292960121083,250.23672385430842
0.05732443019958866,250.56762242210766
-1.064782231019526,250.89427885971446
-2.183241353503406,251.2166718020714
-3.2980036081862725,251.53477988412106
-4.409019662195309,251.84858174001505
-5.516240183926711,252.15805600390496
-6.619615841776675,252.46318131231533
-7.719097304141396,252.76393629702483
-8.814635238148057,253.06029959534897
-9.906180313461869,253.3522498398574
-10.99368319721001,253.6397656654927
-12.077094557788682,253.92282570719743
-13.156365063594075,254.2014085999142
-14.231445384291403,254.4754929777946
-15.302286185738831,254.74505747499023
-16.36883813760157,255.01008072644368
-17.43105190827582,255.27054136630653
-18.48887816488876,255.52641803031236
-19.542267577105598,255.77768935182178
-20.591170812053516,256.0243339657774
-21.635538538128714,256.2663305071217
-22.675321423727382,256.5036576100064
-23.71047013724572,256.7362939085831
-24.74093534707993,256.9642180385853
-25.766667720357184,257.1874086333736
-26.787617926742694,257.4058443286816
-27.803736634632656,257.61950375786995
-28.814974509885243,257.82836555667217
-29.821282223434675,258.0324083584489
-30.822610443677146,258.2316107989337
-31.81890983647083,258.42595151148714
-32.810131070211916,258.61540913184285
-33.796224815834634,258.7999622941524
-34.77714173919715,258.9795896325674
-35.752832509964676,259.15426978203044
-36.723247795264385,259.3239813766931
-37.68833826349248,259.48870305149796
-38.648054584314174,259.6484134413876
-39.60234742358763,259.80309118051366
-40.55116745097806,259.9527149030277
-41.49446533488166,260.0972632446633
-42.43219174369463,260.23671483878104
-43.36429734454414,260.37104832032355
-44.29073280709541,260.5002423242334
-45.21144879847562,260.6242754846622
-46.12639598708096,260.7431264357615
-47.03552504130764,260.8567738132649
-47.938786628282834,260.96519625053304
-48.83613141894076,261.06837238329945
-49.72751008040861,261.16628084492476
-50.612873279813556,261.2589002711425
-51.492171685551796,261.34620929610435
-52.36535596728855,261.42818655317086
-53.232376792150994,261.5048106788666
-54.09318482853532,261.57606030655217
-54.94773074356872,261.64191407117016
-55.7959652081854,261.70235060766316
-56.637838889512565,261.7573485493918
-57.47330245467738,261.8068865320896
-58.30230657207605,261.85094318911723
-59.12480191137377,261.8894971569992
-59.94073913969775,261.92252706830516
-60.750068925444154,261.95001155876867
-61.55274193827822,261.9719292625413
-62.34870884405809,261.98825881377473
-63.13792031117998,261.99897884820246
-63.92032701057811,262.0040679991851
-64.69587960811064,262.00350490245626
-65.46452877217378,261.9972681913765
-66.22622517243272,261.9853365008885
-66.98091947601466,261.9676884667257
-67.72856235004677,261.9443027214578
-68.46910446546329,261.9151579008184
-69.20249648939138,261.88023263975
-69.92868908895824,261.83950557161324
-70.64763293256006,261.79295533214173
-71.35927868986205,261.74056055469606
-72.0635770292604,261.6822998750098
-72.7604786178823,261.6181519272345
-73.44993412285493,261.54809534631283
-74.13189421511251,261.47210876560536
-74.80630956051321,261.39017082084564
-75.47313082872225,261.3022601461853
-76.13230868813581,261.2083553757759
-76.78379380588107,261.1084351445601
-77.42753685162327,261.00247808827135
-78.06348849248955,260.89046283947937
-78.69159939560713,260.7723680331267
-79.31182023191022,260.64817230494697
-79.92410166852598,260.5178542890917
-80.52839437385065,260.3813926197125
-81.12464901501136,260.23876593096105
-81.71281626040435,260.0899528585708
-82.29284677969481,259.93493203669345
-82.86469124000992,259.77368209868956
-83.4283003110149,259.6061816810837
-83.98362465856792,259.43240941723644
-84.53061495233416,259.2523439420904
-85.06922186070986,259.0659638897972
-85.5993960520912,258.8732478952994
-86.12108819360535,258.6741745935396
-86.63424895491751,258.46872261787837
-87.1388290031549,258.2568706040493
-87.63477900671369,258.038597186204
-88.12204963399007,257.81388099928506
-88.60059155464927,257.5827006766531
-89.07035543454946,257.3450348548326
-89.53129194208681,257.10086216639326
-89.98335174819556,256.8501612470686
-90.42648551746487,256.5929107310103
-90.86064392082895,256.3290892523699
-91.28577762668401,256.05867544688095
-91.7018373008882,255.78164794869508
-92.10877361310675,255.4979853911729
-92.50653723173585,255.20766641083895
-92.8950788251717,254.91066964105386
-93.27434906181047,254.60697371596922
-93.64429860877937,254.2965572713186
-94.00487813447458,253.97939894125358
-94.35603830856132,253.65547735992578
-94.69772979816678,253.32477116227778
-95.02990327168713,252.98725898246119
-95.35250939624957,252.64291945620954
-95.66549884278832,252.29173121688348
-95.96882227716156,251.9336728986346
-96.26243036903449,251.56872313798743
-96.54627378553428,251.19686056751164
-96.82030319505714,250.81806382294076
-97.08446926726828,250.4323115384264
-97.33872266802585,250.03958234812018
-97.5830140682641,249.63985488775563
-97.8172941338412,249.2331077906934
-98.04151353442234,248.81931969266702
-98.2556229384037,248.39846922703714
-98.45957301291251,247.97053502874633
-98.65331442634493,247.53549573273716
-98.83679784836619,247.09332997395222
-99.00997394483444,246.64401638575214
-99.17279338668392,246.1875336030795
-99.32520683977279,245.72386026166782
-99.46716497503527,245.2529749940868
-99.59861845832953,244.77485643686094
-99.71951795805178,244.28948322335089
-99.82981414386721,243.7968339884992
-99.929457682903,243.2968873664575
-100.01839924355538,242.78962199216835
-100.09658949422051,242.27501650057434
-100.16397910329461,241.75304952582707
-100.22051873790484,241.22369970207814
-100.26615906898543,240.68694566427013
-100.30085514175776,240.1427683482953
-100.32463752166424,239.59118837332056
-100.33760048493522,239.03225983578835
-100.33984030015115,238.46603788018456
-100.3314532384305,237.89257765257702
-100.31253556962271,237.3119342982426
-100.28318356357724,236.72416296166716
-100.24349349014356,236.12931878891857
-100.19356162170916,235.52745692527367
-100.13348422558545,234.91863251521835
-100.06335757415992,234.30290070482044
-99.98327793601302,233.68031663856584
-99.89334158226322,233.05093546252238
-99.79364478275997,232.41481232117593
-99.68428380862173,231.77200236059434
-99.56535492842897,231.1225607252635
-99.43695441456916,230.46654256125123
-99.29917853435371,229.8040030138344
-99.15212356017014,229.1349972274989
-98.9958857618679,228.45958034752158
-98.83056140929642,227.77780751997028
-98.65624677357418,227.0897338893309
-98.47303812201264,226.39541460167123
-98.28103172826826,225.6949048014772
-98.0803238609215,224.98825963481664
-97.87101079109082,224.27553424617543
-97.65318878735668,223.55678378083041
-97.42695412083755,222.83206338484945
-97.19240306138286,222.1014282027184
-96.94963188011111,221.36493337971416
-96.69873684560272,220.62263406190453
-96.4398142302452,219.87458539377542
-96.17296030261897,219.12084252060367
-95.89827133384252,218.36146058845713
-95.61584359249628,217.5964947418217
-95.32577335096772,216.8260001259742
-95.0281568778373,216.05003188698248
-94.7230904442235,215.26864516854147
-94.41067031997578,214.48189511750996
-94.09099277494356,213.68983687916483
-93.76415408024535,212.89252559720097
-93.43025050446155,212.0900164184772
-93.0893783199797,211.2823644874794
-92.74163379538021,210.46962494948446
-92.38711320051253,209.6518529497692
-92.02591280776416,208.8291036336105
-91.65812888444651,208.0014321462852
-91.28385770421612,207.16889363386116
-90.90319553311535,206.33154324082426
-90.51623864480074,205.48943611245136
-90.12308330785271,204.64262739322834
-89.72382579338975,203.791172230014
-89.3185623712613,202.93512576729427
-88.9073893100478,202.07454315034596
-88.49040288213676,201.20947952523693
-88.0676993573776,200.33999003566208
-87.6393750043508,199.46612982768926
-87.20552609544382,198.5879540465953
-86.7662488992371,197.7055178376571
-86.32163968684914,196.8188763461515
-85.87179472812936,195.92808471735538
-85.41681029419625,195.03319809654556
-84.95678265236124,194.13427162899893
-84.49180807628082,193.23136045999235
-84.02198283453544,192.32451973480266
-83.54740319697456,191.41380459870675
-83.06816543471663,190.49927019619048
-82.58436581761113,189.58097167411267
-82.09610061550751,188.65896417616824
-81.60346609825523,187.733302849216
-81.10655853697274,186.80404283695083
-80.60547420150952,185.87123928464962
-80.10030936298402,184.93494733917117
-79.59116028997671,183.99522214500138
-79.07812325360605,183.05211884662612
-78.56129452372149,182.10569259011322
-78.04077037144148,181.15599852073956
-77.51664706534652,180.20309178378199
-76.98902087655502,179.2470275237264
-76.45798807491647,178.2878608866406
-75.92364493154933,177.3256470178015
-75.38608771630308,176.36044106169493
-74.84541269775812,175.39229816438876
-74.30171614830198,174.42127347115985
-73.75509433778407,173.44742212728505
-73.20564353478487,172.47079927725025
-72.65346001169185,171.49146006712328
-72.09864003708546,170.50945964139004
-71.54127988081514,169.52485314690932
-70.9814758152684,168.53769572658507
-70.41932410902565,167.54804252806707
-69.85492103193637,166.55594869425926
-69.28836285511903,165.56146937281142
-68.71974584842307,164.56465970741846
-68.14916628296699,163.56557484414822
-67.57672042733121,162.56426992748658
-67.0025045526342,161.5608001027104
-66.42661492872543,160.55522051588753
-65.84914782672337,159.5475863122948
-65.27019951520843,158.53795263641814
-64.68986626529913,157.52637463432535
-64.1082443468449,156.51290745050233
-63.52543003096421,155.49760623022593
-62.94151958750652,154.480526119564
-62.35660928632128,153.4617222630024
-61.77079539725796,152.441249806609
-61.184174191435034,151.41916389486965
-60.596841938701935,150.39551967385222
-60.00889490890814,149.37037228804257
-59.4204293719031,148.34377688271758
-58.83154159880529,147.31578860394507
-58.24232785946415,146.28646259621092
-57.652884423729155,145.255854004792
-57.06330756271877,144.2240179749652
-56.47369354628245,143.1910096527983
-55.88413864300063,142.15688418277722
-55.29473912526081,141.1216967109698
-54.70559126291244,140.0855023818619
-54.116791325804975,139.04835634073038
-53.52843558251886,138.01031373285213
-52.94062030671059,136.971429703504
-52.3534417656916,135.9317593987538
-51.76699622931134,134.89135796308744
-51.18137997122631,133.85028054178179
-50.596689257478936,132.80858228011368
-50.013020361725694,131.76631832336
-49.430469552547045,130.72354381758856
-48.84913309979244,129.6803139064943
-48.269107273311334,128.636683736936
-47.69048834549122,127.59270845339955
-47.113372584912526,126.54844320116183
-46.537856261424714,125.50394312549969
-45.964035646146264,124.45926337168999
-45.392007008926626,123.41445908500958
-44.82186661961526,122.36958541152632
-44.25371074933062,121.3246974949351
-43.68763566792219,120.27985048130375
-43.123737643970394,119.23509951670013
-42.562112949862716,118.19049974481914
-42.002857855448624,117.1461063117286
-41.446068630577564,116.10197436349637
-40.891841545099,115.05815904381734
-40.340272868862385,114.01471549875936
-39.79145887298619,112.97169887359928
-39.245495828588886,111.92916431361397
-38.7024800029819,110.88716696408028
-38.16250766855272,109.84576197027508
-37.625675095150804,108.80500447747522
-37.0920785526256,107.76494963095757
-36.56181431082658,106.72565257520802
-36.0349786408722,105.68716845708536
-35.51166781261191,104.64955242028452
-34.99197809716421,103.61285961087333
-34.4760057618405,102.57714517412865
-33.96384708029729,101.54246425532733
-33.45559831984601,100.50887199895527
-32.95135575287414,99.4764235510803
-32.451215649231145,98.44517405697928
-31.955274277497463,97.41517866192908
-31.463620644962262,96.38648966685622
-30.97625898759029,95.35912617541726
-30.49313869334382,94.3330858170566
-30.014208230150846,93.30836585895156
-29.53941606593936,92.28496356669751
-29.068710667368336,91.26287620826275
-28.60204050363478,90.24210105003363
-28.13935404266668,89.22263535997843
-27.680599749854007,88.20447640369252
-27.225726094393764,87.1876214499352
-26.774681544213937,86.17206776509278
-26.327414567242517,85.15781261555162
-25.88387363013849,84.14485326848904
-25.44400720082984,83.13318699187334
-25.00776374724456,82.12281105129989
-24.57509173731064,81.11372271473698
-24.145939637687057,80.10591924936193
-23.72025591757082,79.09939792235207
-23.297989043620905,78.09415599930276
-22.87908748503431,77.09019074897327
-22.46349970720101,76.08749943695898
-22.051174179318004,75.08607933122818
-21.642059368044265,74.08592769816721
-21.236103741307794,73.08704180574438
-20.833255768305587,72.08941892034602
-20.433463915696628,71.09305630835848
-20.03667665013989,70.09795123775007
-19.642842440832375,69.10410097569809
-19.251909755702084,68.1115027885889
-18.863827060138973,67.12015394280883
-18.478542824609065,66.13005170711716
-18.09600551450232,65.14119334790024
-17.716163599015744,64.15357613154441
-17.338965546077326,63.167197325226994
-16.964359822346047,62.18205419612531
-16.592294895749898,61.19814401220765
-16.222719232947856,60.21546403906939
-15.85558130440594,59.234011543887846
-15.49082957551411,58.25378379463132
-15.128412514200363,57.27477805768615
-14.768278589661698,56.29699160022966
-14.410376268557096,55.32042168943917
-14.054654017545534,54.34506559170103
-13.701060305824015,53.37092057419255
-13.34954360005152,52.39798390488204
-13.00005236942505,51.426252850155834
-12.652535080603585,50.45572467640028
-12.306940200246101,49.486396651583675
-11.963216197549604,48.51826604288334
-11.621311540442084,47.55133011668562
-11.28117469558252,46.58558613937686
-10.942754130898901,45.62103137971633
-10.60599831431922,44.6576631032994
-10.270855713771466,43.69547857809437
-9.937274797183633,42.7344750696966
-9.605204031214695,41.77464984686537
-9.274591883792647,40.81600017598703
-8.945386822845478,39.85852332344791
-8.617537315032166,38.90221655721632
-8.29099183081873,37.9470771436786
-7.965698835595131,36.993102350012066
-7.641606797289363,36.040289443394045
-7.318664183829417,35.088635691001855
-6.996819464412295,34.13813835922184
-6.676021103158951,33.188794715231325
-6.3562175718044145,32.2406020269986
-6.037357335738649,31.293557560910017
-5.719388862889649,30.347658583351915
-5.402260621185402,29.402902361501617
-5.085921077284888,28.459286164118396
-4.770318701654123,27.516807256006643
-4.45540195841406,26.575462905134657
-4.141119318030714,25.635250378679757
-3.8274192471630664,24.696166943028288
-3.5142502137391047,23.758209866148547
-3.201560685686822,22.82137641442688
-2.8892991296651958,21.885663855040605
-2.577414013602217,20.951069455167044
-2.2658538054258766,20.017590481192542
-1.9545669743331782,19.085224201085396
-1.6435019857140878,18.15396788123195
-1.3326073087656085,17.223818788018548
-1.021831410146719,16.294774190204464
-0.71112275778541,15.366831354176043
-0.40042981960967244,14.439987545528652
-0.08970106354749742,13.514240033021565
0.22111504247312416,12.589586083041127
0.5320700317932141,11.666022962764657
0.8432154352157687,10.743547939369478
1.1546027873508224,9.822158279241933
1.466283617732359,8.901851249559343
1.7783094609704126,7.982624118290005
2.0907318491369926,7.064474151029287
2.4036023130350954,6.147398615745487
2.7169723847367298,5.231394778824949
3.03089359885193,4.31645990823597
3.3454174861836927,3.402591270364894
3.66059558007304,2.4897861315980663
3.9764794113229676,1.5780417606947594
4.293120513274498,0.667355423250342
4.6105704179996385,-0.2422756135578652
4.9288806575704,-1.1508540825525415
5.248102764058791,-2.05838271576539
5.568288270805834,-2.9648642476010423
5.889488708614523,-3.8703014100912014
6.211755612094895,-4.774696936849523
6.535140510780932,-5.678053560698686
6.85969493928267,-6.58037401446137
7.185470428403104,-7.481661030960254
7.512518511483255,-8.381917343018017
7.840890720595135,-9.281145684248315
8.170638586541736,-10.179348787473828
8.501813643933097,-11.076529385517233
8.834467423572212,-11.972690211201211
9.168651458800104,-12.867833997348441
9.504417280419768,-13.761963477572579
9.841816423041237,-14.655081384696302
10.180900416198499,-15.547190451542292
10.521720794501585,-16.438293410933227
10.864329088753493,-17.328392995691786
11.208776832295243,-18.217491939431625
11.555115557198846,-19.105592974184447
11.90339679553631,-19.992698833563907
12.253672079379642,-20.87881225118366
12.605992942069868,-21.76393595907541
12.960410914409982,-22.648072690061838
13.316977529741006,-23.531225177756596
13.675744318865938,-24.413396154982365
14.036762816394809,-25.294588354561824
14.40008455439963,-26.174804509317653
14.765761062414384,-27.054047352863506
15.133843876318121,-27.932319618022063
15.50438452564482,-28.809624036825028
15.877434545004519,-29.685963342886055
16.253045465200213,-30.5613402698188
16.631268818303912,-31.435757549654966
17.012156137656635,-32.30921791600821
17.39575895406138,-33.18172410091023
17.782128802128184,-34.053278838765664
18.17131721266004,-34.923884860815235
18.56337571772896,-35.79354490225455
18.95835585067596,-36.66226169353337
19.356309143573053,-37.530037969847285
19.75728712722324,-38.396876462437035
20.161341336236546,-39.26277990570725
20.568523301415976,-40.12775103168963
20.97888455483353,-40.99179257399783
21.392476629830238,-41.85490726466355
21.809351058478107,-42.71709783809143
22.229559372849142,-43.5783670255222
22.653153105015356,-44.43871756136048
23.080183788317772,-45.29815217842895
23.51070295355938,-46.15667360875932
23.94476213408121,-47.01428458596524
24.382412861955263,-47.8709878428694
24.823706669253554,-48.72678611308544
25.26869508804809,-49.58168212864507
25.717429651679893,-50.43567862316195
26.16996189222097,-51.288778328667775
26.626343341743336,-52.14098397956718
27.08662553104998,-52.99229830789187
27.550859994750937,-53.842724046464525
28.019098264918224,-54.69226392968977
28.49139187235483,-55.54092068880834
28.967792350401776,-56.38869705743389
29.448351231131078,-57.23559576838909
29.933120046614736,-58.0816195552876
30.42215032892477,-58.92677115016113
30.91549361140219,-59.77105328662333
31.413201426119013,-60.614468697496875
31.915325305147245,-61.45702011639543
32.421916780558895,-62.298710275350686
32.933027384425976,-63.13954190718533
33.44870864882049,-63.97951774551302
33.96901210835248,-64.81864052394741
34.493989292555916,-65.65691297372922
35.02369173477184,-66.49433782926309
35.55817096834126,-67.33091782258072
36.097478522798156,-68.16665568808673
36.64166593402158,-69.00155415702187
37.19078473154553,-69.83561596299978
37.744886448711,-70.66884383884315
38.30402261885904,-71.50124051895659
38.86824477279262,-72.33280873378988
39.43760444258377,-73.1635512185386
40.012153161573494,-73.99347070523447
40.59194246183382,-74.82256992670017
41.177023875436745,-75.65085161654935
41.76744893445428,-76.47831850760468
42.36326917222745,-77.30497333189788
42.96453611955924,-78.1308188230426
43.5713013110597,-78.9558577146525
44.18361627626281,-79.78009273875927
44.801532548509584,-80.60352662897657
45.42510166114105,-81.42616211812708
46.05437514622921,-82.24800193824251
46.68940453457707,-83.06904882372748
47.33024135952565,-83.88930550740469
47.976937153146956,-84.70877472130582
48.62954344878201,-85.52745919904453
49.28811177723381,-86.3453616734435
49.952693670574355,-87.16248487732543
50.62334066341369,-87.97883154351297
51.30010428655482,-88.79440440561979
51.98303607206974,-89.60920619646856
52.67218755203046,-90.42323964888197
53.36761024708787,-91.2365074925188
54.06932400587127,-92.04900432422079
54.77724902651039,-92.8606991495866
55.491285955454636,-93.6715559530981
56.21133543788443,-94.4815387200282
56.937298122787226,-95.29061143564974
57.66907465407442,-96.09873808444462
58.406565678195435,-96.90588265089474
59.14967184286871,-97.71200912027297
59.89829379200565,-98.5170814770612
60.65233217459371,-99.3210637065323
61.41168763581329,-100.12391979316817
62.17626082211382,-100.92561372224168
62.94595237867571,-101.72610947823472
63.72066295321741,-102.52537104562919
64.50029319218834,-103.32336241048893
65.28474373949989,-104.12004755650486
66.07391524413953,-104.91539046894985
66.86770835255666,-105.7093551323058
67.66602370866269,-106.50190553263656
68.46876196017608,-107.29300565284206
69.27582375354622,-108.08261947977712
70.08710973395355,-108.8707109963417
70.9025205491165,-109.65724418939061
71.7219568454845,-110.4421830418238
72.54531926823795,-111.2254915397051
73.37250846255726,-112.0071336683074
74.20342507869891,-112.78707341053064
75.03796975930528,-113.56527475322963
75.8760431508258,-114.34170168088627
76.7175459022479,-115.11631817719149
77.56237865748302,-115.88908822741814
78.41044206424957,-116.65997581763008
79.26163676772796,-117.42894493151823
80.11586341436762,-118.19595955356448
80.97302265061799,-118.96098366983267
81.83301512419749,-119.7239812648047
82.69574147901753,-120.4849163221715
83.56110236279655,-121.24375282878788
84.42899842198395,-122.00045476755378
85.29933030176018,-122.75498612453305
86.17199864984366,-123.50731088420758
87.04690411141479,-124.25739303105928
87.92394733292302,-125.005196550361
88.80302896081777,-125.75068542738563
89.68404964154846,-126.49382364582408
90.56691002156451,-127.23457519174019
91.45151074731535,-127.97290404882489
92.3377524639814,-128.708774203142
93.22553581928109,-129.4421496383825
94.11476145966384,-130.17299434061016
95.00533002904108,-130.90127229351594
95.89714217640021,-131.6269474823727
96.79009854565267,-132.34998389166236
97.6840997857859,-133.07034550744874
98.5790465407113,-133.78799631342275
99.47483945814731,-134.50290029485728
100.37137918454336,-135.21502143623422
101.26856636507983,-135.92432372282644
102.1663016462062,-136.63077113911584
103.06448567564087,-137.33432767037527
103.96301909729524,-138.03495730108665
104.86180256015678,-138.73262401652283
105.76073670813687,-139.42729180116572
106.65972218895398,-140.1189246394972
107.55865964905749,-140.80748651758114
108.45744973362785,-141.49294141831746
109.35599309038348,-142.17525332856098
110.2541903645048,-142.85438623279362
111.15194220244123,-143.53030411470627
112.0491492506422,-144.20297095957181
112.94571215555713,-144.87235075266312
113.84153156236644,-145.53840747925307
114.7365081200576,-146.20110512303256
115.63054247254195,-146.86040766927448
116.52353526626898,-147.5162791032517
117.41538714895708,-148.1686834094461
118.3059987657867,-148.81758457313055
119.19527076193823,-149.46294657799598
120.08310378639914,-150.10473341010623
120.96939848434981,-150.7429090539432
121.85405550223969,-151.3774374939888
122.7369754852492,-152.00828271630684
123.61805908109676,-152.63540870379728
124.49720693496279,-153.25877944252397
125.37431969329671,-153.8783589169688
126.24929800254796,-154.49411111319563
127.12204251043497,-155.10600001410438
127.99245386086913,-155.71398960496794
128.8604327015689,-156.31804387185014
129.72587967898366,-156.91812679923288
130.5886954395629,-157.51420237080708
131.44878062721799,-158.1062345726366
132.30603589220536,-158.69418738841233
133.16036187716745,-159.27802480419814
134.01165922982267,-159.85771080447591
134.85982859788948,-160.43320937372755
135.70477062527925,-161.00448449722592
136.54638595971042,-161.57150015866193
137.38457524763245,-162.13422034489042
138.21923913422572,-162.6926090396023
139.05027826720868,-163.24663022727947
139.87759329049274,-163.7962478931948
140.70108485306534,-164.34142602262114
141.5206536001069,-164.8821286000404
142.33620017806683,-165.41831960993449
143.14762523339456,-165.94996303757625
143.9548294112705,-166.4770228674476
144.75771335941312,-166.9994630848214
145.55617772427178,-167.51724767417954
146.35012314975796,-168.0303406207949
147.13945028485904,-168.53870590994035
147.92405977475548,-169.04230752451582
148.7038522658967,-169.54110945137614
149.4787284047321,-170.0350756750032
150.2485888377111,-170.52417017908795
151.01333421001416,-171.0083569496942
151.7728651693597,-171.48759997130384
152.52708236092812,-171.96186322839878
153.27588643116883,-172.4311107062519
154.0191780278003,-172.89530638934508
154.75685779600292,-173.3544142629512
155.48882638095714,-173.80839831234312
156.21498443038135,-174.25722252042078
156.935232591994,-174.70085087483
157.6494715084375,-175.13924735767972
158.3576018286993,-175.57237595582478
159.0595241992288,-176.0002006529561
159.75513926393742,-176.42268543434653
160.44434767181258,-176.83979428526897
161.12705006676572,-177.2514911902053
161.8031470977843,-177.6577401336374
162.47253940877965,-178.05850510004717
163.13512764747028,-178.45375007549848
163.7908124603056,-178.8434390444732
164.43949449119697,-179.22753599145324
165.0810743904009,-179.60600490171146
165.71545280055975,-179.97880975893878
166.34253036939197,-180.34591454919905
166.962207743347,-180.70728325776514
167.57438556887422,-181.06287986832797
168.1789644924231,-181.41266836536943
168.77584516044303,-181.75661273495336
169.36492821684544,-182.09467696156167
169.9461143106178,-182.42682503046723
170.51930408820948,-182.75302092536094
171.0843981935319,-183.0732286315157
171.64129727557253,-183.38741213420434
172.18990197824274,-183.6955354179088
172.730112949261,-183.9975624679019
173.26183083507672,-184.29345726866558
173.78495628087032,-184.5831838054727
174.2993899330912,-184.86670606201415
174.80503243945782,-185.1439880243538
175.3017844451506,-185.41499367697355
175.78954659661895,-185.6796870043553
176.2682195403123,-185.93803199177188
176.73770392268008,-186.1899926244962
177.1979003901717,-186.43553288621916
177.6487095879676,-186.67461676221365
178.0900321637862,-186.9072082385435
178.52176876153888,-187.13327129810864
178.94382003148215,-187.35276992697294
179.35608661625835,-187.5656681088273
179.75846916358597,-187.77192983052657
180.1508683199144,-187.97151907497067
180.53318473169304,-188.16439982822345
180.90531904537139,-188.3505360747668
181.2671719061298,-188.52989179908263
181.6186439604177,-188.7024309864438
181.95963585595356,-188.8681176213322
182.2900482379178,-189.0269156890207
182.6097817527598,-189.17878917399122
182.918737046929,-189.3237020615166
183.21681476560585,-189.46161833607874
183.50391555777773,-189.59250198215955
183.7799400673561,-189.71631698582286
184.04478894079037,-189.8330273307596
184.298362825799,-189.94259700224262
184.54056236756233,-190.04498998475384
184.77128821252987,-190.14017026356612
184.99044100842,-190.22810182395233
185.19792139914415,-190.3087486496034
185.39363003115173,-190.38207472658314
185.5774675534302,-190.4480440385825
185.74933460989095,-190.50662057166534
185.90913184698343,-190.55776830952254
186.05675991242606,-190.601451237427
186.19211945139924,-190.63763334065158
186.31511111035243,-190.6662786028872
186.425635535735,-190.68735101098866
186.52359337272742,-190.70081454785594
186.60888527031713,-190.7066331987619
186.6814118724155,-190.70477094977036
186.741073825472,-190.69519178457227
186.78777177720502,-190.67785968764952
186.821406372795,-190.65273864506594
186.84187825869134,-190.61979264051246
186.84908808134352,-190.57898566005292
186.84293648720092,-190.53028168737825
186.82332412271296,-190.4736447077613
186.7901516343291,-190.40903870647497
186.74331966722974,-190.33642766800114
186.68272886786428,-190.2557755768217
186.60827988395118,-190.1670464182095
186.51987336067086,-190.07020417664648
186.41740994447275,-189.96521283819646
186.30079028180626,-189.8520363857594
186.1699150178518,-189.7306388061901
186.0246848015968,-189.6009840823885
185.8650002769527,-189.46303620041846
185.69076209036893,-189.31675914555285
185.5018708895639,-189.16211690069161
185.29822731971802,-188.99907345268957
185.07973202854976,-188.82759278602862
184.84628565997048,-188.64763888439967
184.59778886169866,-188.45917573386657
184.33414228018367,-188.26216731891122
184.05524656060598,-188.05657762401552
183.76100235195304,-187.84237063366135
183.45131029686718,-187.61951033391256
183.1260710443359,-187.38796070925105
182.7851852395396,-187.1476857441587
182.4285535289277,-186.8986494239084
182.05607655894963,-186.64081573298205
181.66765497605482,-186.37414865586152
181.2631894266927,-186.0986121778197
180.84258055604363,-185.81417028412943
180.4057290105571,-185.52078695848166
179.95253543795155,-185.2184261877312
179.48290048467638,-184.907051954778
178.99672479464297,-184.58662824489494
178.49390901683878,-184.25711904335486
177.97435379517526,-183.91848833463968
177.4379597773708,-183.57070010402225
176.88462760987483,-183.21371833598448
176.31425793786778,-182.84750701579924
175.72675140906807,-182.47203012794841
175.12200866865612,-182.0872516569139
174.49993036308135,-181.69313558796858
173.8604171387932,-181.28964590638532
173.2033696435101,-180.876746596646
172.52868852114344,-180.45440164323253
171.83627441941167,-180.0225750306268
171.12602798349522,-179.58123074568363
170.3978498611125,-179.13033277130296
169.65164069744392,-178.66984509275767
168.88730114020794,-178.19973169452965
168.10473183331592,-177.71995656268274
167.30383342575539,-177.23048368169884
166.48450656270668,-176.73127703526887
165.64665188935024,-176.22230060945668
164.7901700534045,-175.70351838874416
163.9149617013189,-175.17489435840417
163.02092747827385,-174.63639250212765
162.10796803071875,-174.08797680597843
161.17598400510306,-173.52961125364743
160.22487604914517,-172.9612598311985
159.25454480802554,-172.38288652232256
158.26489092692458,-171.79445531308346
157.25581505356072,-171.1959301871721
156.22721783438337,-170.58727513065236
155.17899991457296,-169.96845412721513
154.1110619418479,-169.33943116213328
153.0233045601196,-168.70017021988872
151.91562841837558,-168.0506352857543
150.78793416306516,-167.39079034500293
149.64012243683078,-166.72059938211646
148.4720938899289,-166.0400263815768
147.28374916753995,-165.34903532865684
146.0749889135753,-164.64759020783845
144.84571377829144,-163.93565500360353
143.59582440559973,-163.21319370201593
142.32522144068062,-162.48017028755754
141.03380553252154,-161.7365487439193
139.72147732630293,-160.982293057165
138.38813746847418,-160.2173672117766
137.03368660548475,-159.44173519302694
135.658025382515,-158.65536098460694
134.2610544460144,-157.85820857258045
132.8426744437014,-157.05024194142936
131.4027860220254,-156.23142507563557
129.9412898248978,-155.40172195968097
128.45808650130607,-154.5610965796294
126.95307669516157,-153.70951291996278
125.42616105418277,-152.84693496516297
123.87724022481909,-151.9733266997119
122.30621485225095,-151.0886521088824
120.71298558419676,-150.19287517794737
119.09745306583697,-149.2859598913887
117.45951794489,-148.36787023368828
115.79908086526724,-147.43857019011898
114.11604247468715,-146.49802374595367
112.41030342086815,-145.54619488488328
110.68176434772164,-144.58304759297164
108.93032590169706,-143.60854585390967
107.15588873051284,-142.62265365376123
105.3583534806184,-141.62533497621723
103.53762079719417,-140.61655380655054
101.69359132668956,-139.59627413003403
99.826165715554,-138.5644599311496
97.93524460896789,-137.52107519437914
96.02072865591872,-136.46608390499551
94.08251850031783,-135.3994500482716
92.12051478988371,-134.3211376086893
90.13461817106577,-133.23111056993952
88.12472928777541,-132.12933291887708
86.09074878900006,-131.0157686391929
84.03257731992016,-129.89038171615988
81.95011552698513,-128.7531361334689
79.84326405664439,-127.6039958779748
77.71192355534735,-126.44292493257751
75.55599466827447,-125.26988728334089
73.37537804187512,-124.08484691474683
71.16997432513679,-122.8877678120682
68.93968416070184,-121.67861395899592
66.68440819628873,-120.45734934159384
64.40404707961589,-119.22393794434385
62.09850145459472,-117.97834375172783
59.76767197021267,-116.7205307482277
57.41145927038114,-115.4504629199073
55.02976400154955,-114.16810425124851
52.62248681143635,-112.87341872673323
50.18952834522195,-111.56637033084337
47.73078925062478,-110.24692304885178
45.24617017282526,-108.91504086603135
42.7355717570038,-107.57068776686395
40.19889465214785,-106.2138277358315
37.63603950216881,-104.84442475899783
35.04690695478512,-103.46244281926289
32.4313976551772,-102.0678459034815
29.78941225106347,-100.6605979945536
27.12085138762436,-99.24066307933401
24.425615711309284,-97.80800514072268
21.703605868567674,-96.36258816478346
18.954722505848956,-94.90437613678921
